epoch,time,train/box_loss,train/cls_loss,train/dfl_loss,metrics/precision(B),metrics/recall(B),metrics/mAP50(B),metrics/mAP50-95(B),val/box_loss,val/cls_loss,val/dfl_loss,lr/pg0,lr/pg1,lr/pg2
1,211.183,0.71734,1.38906,0.86762,0.76602,0.7277,0.77989,0.6679,0.51662,0.92488,0.82545,0.000368561,0.000368561,0.000368561
2,425.362,0.62911,0.69315,0.84841,0.74319,0.80057,0.82302,0.72185,0.47273,0.6617,0.8211,0.000373142,0.000373142,0.000373142
